dataset,endpoint,table_name,table_description,row_definition,path_name,date_column,earliest_date,update_frequency
delinquent-debt-referral-compliance,v2/debt/tror/data_act_compliance,120 Day Delinquent Debt Referral Compliance Report,"The 120 Day Delinquent Debt Referral Compliance Report provides access to tracking and benchmarking compliance with the requirements of a key provision of the Digital Accountability and Transparency Act of 2014 (the DATA Act). This table provides quick insights into federal agency compliance rates, as well as information on the number of eligible debts and debts referred or not referred each quarter, beginning in Fiscal Year 2016.",The line items in the report indicate the number of cases and or dollar amount of debt reported.  ,120-day-delinquent-debt-referral-compliance-report,record_date,2015-12-31,Quarterly
debt-to-the-penny,v2/accounting/od/debt_to_penny,Debt to the Penny,Outstanding U.S. debt on a daily basis.,Each row represents a specific day's Total Debt Outstanding as well as its makeup between Intragovernmental Holdings and Debt Held by the Public.,debt-to-the-penny,record_date,1993-04-01,Daily
average-interest-rates-treasury-securities,v2/accounting/od/avg_interest_rates,Average Interest Rates on U.S. Treasury Securities,Average interest rates for marketable and non-marketable securities.,Each row represents the average interest rate of a type of debt for the corresponding period.,average-interest-rates-on-u-s-treasury-securities,record_date,2001-01-31,Monthly
daily-treasury-statement,v1/accounting/dts/operating_cash_balance,Operating Cash Balance,This table represents the Treasury General Account balance. Additional detail on changes to the Treasury General Account can be found in the Deposits and Withdrawals of Operating Cash table. All figures are rounded to the nearest million.,"Each row represents the closing balance of the Treasury General Account for the record_date and opening balances for the day, month, and fiscal year.",operating-cash-balance,record_date,2005-10-03,Daily
daily-treasury-statement,v1/accounting/dts/deposits_withdrawals_operating_cash,Deposits and Withdrawals of Operating Cash,This table represents deposits and withdrawals from the Treasury General Account. A summary of changes to the Treasury General Account can be found in the Operating Cash Balance table. All figures are rounded to the nearest million.,"Each row represents the amount of deposits and/or withdrawals for the record_date, month-to-date, and year-to-date.  ",deposits-and-withdrawals-of-operating-cash,record_date,2005-10-03,Daily
daily-treasury-statement,v1/accounting/dts/public_debt_transactions,Public Debt Transactions,This table represents the issues and redemption of marketable and nonmarketable securities. All figures are rounded to the nearest million.,"Each row represents the amount of public debt issues and/or redemptions for the record_date, month-to-date, and year-to-date.  ",public-debt-transactions,record_date,2005-10-03,Daily
daily-treasury-statement,v1/accounting/dts/adjustment_public_debt_transactions_cash_basis,Adjustment of Public Debt Transactions to Cash Basis,This table represents cash basis adjustments to the issues and redemptions of Treasury securities in the Public Debt Transactions table. All figures are rounded to the nearest million.,"Each row represents the adjustment amounts for record_date, month-to-date, and year-to-date.  ",adjustment-of-public-debt-transactions-to-cash-basis,record_date,2005-10-03,Daily
daily-treasury-statement,v1/accounting/dts/debt_subject_to_limit,Debt Subject to Limit,This table represents the breakdown of total public debt outstanding as it relates to the statutory debt limit. All figures are rounded to the nearest million.,"Each row represents the closing balance of debt subject to the limit for today and opening balances for record_date, month, and fiscal year.",debt-subject-to-limit,record_date,2005-10-03,Daily
daily-treasury-statement,v1/accounting/dts/inter_agency_tax_transfers,Inter-Agency Tax Transfers,This table represents the breakdown of inter-agency tax transfers within the federal government. All figures are rounded to the nearest million.,"Each row represents the amount of inter-agency tax transfers for record_date, month-to-date, and year-to-date.  ",inter-agency-tax-transfers,record_date,2023-02-14,Daily
daily-treasury-statement,v1/accounting/dts/income_tax_refunds_issued,Income Tax Refunds Issued,"This table represents the breakdown of tax refunds by recipient (individual vs business) and type (check vs electronic funds transfer). Tax refunds are also represented as withdrawals in the Deposits and Withdrawals of Operating Cash table. All figures are rounded to the nearest million. As of February 14, 2023, Table VI Income Tax Refunds Issued was renamed to Table V Income Tax Refunds Issued within the published report.","Each row represents the amount of income tax refunds issued for record_date, month-to-date, and year-to-date.  ",income-tax-refunds-issued,record_date,2005-10-03,Daily
daily-treasury-statement,v1/accounting/dts/federal_tax_deposits,Federal Tax Deposits,This table represents the breakdown of taxes that are received by the federal government. Federal taxes received are represented as deposits in the Deposits and Withdrawals of Operating Cash table. All figures are rounded to the nearest million.,"Each row represents the amount of federal tax deposits for record_date, month-to-date, and year-to-date.  ",federal-tax-deposits,record_date,2005-10-03,Daily
daily-treasury-statement,v1/accounting/dts/short_term_cash_investments,Short-Term Cash Investments,"This table represents the amount Treasury has in short-term cash investments. Deposits and withdrawals of short-term cash investments are also represented in the Deposits and Withdrawals of Operating Cash table. This program was suspended indefinitely in 2008. All figures are rounded to the nearest million. As of February 14, 2023, Table V Short Term Cash Investments will no longer be updated and removed from the published report. The historical data will remain available.",Each row represents the deposits and/or withdrawals of short-term cash investments for record_date broken down by type of depository.,short-term-cash-investments,record_date,2005-10-03,Daily
savings-bonds-issues-redemptions-maturities-by-series,v1/accounting/od/savings_bonds_report,"Paper Savings Bonds Issues, Redemptions, and Maturities by Series","For each series of Treasury savings bonds, this dataset details how many are issued and redeemed, the difference of these two values is how many are outstanding, which is also reported in the dataset. It does not contain any information on the values or yields of the Treasury savings bonds. Data in this report dates to the beginning of fiscal year 1999 and is updated monthly.","Each row details the number of bonds in each series that are issued, redeemed, outstanding, matured, unmatured, matured and unredeemed, matured and redeemed, unmatured and unredeemed, and unmatured and redeemed.",paper-savings-bonds-issues-redemptions-and-maturities-by-series,record_date,2019-01-31,Monthly
savings-bonds-issues-redemptions-maturities-by-series,v1/accounting/od/savings_bonds_mud,Matured Unredeemed Debt,Savings bonds that have met their maturity date and have not been requested by the customer to be redeemed. ,Each row includes the number of issued and unredeemed savings bonds by series and date that are still a debt obligation to the U.S. Treasury.,matured-unredeemed-debt,record_date,2000-01-31,Monthly
savings-bonds-issues-redemptions-maturities-by-series,v1/accounting/od/savings_bonds_pcs,Piece Information by Series,"Total number of savings bonds by series issued, redeemed and outstanding as of the record_date.",Each row includes the number of either issued or redeemed savings bonds by series and date.,piece-information-by-series,record_date,1998-09-30,Monthly
redemption-tables,v2/accounting/od/redemption_tables,Redemption Tables,"The Redemption Tables dataset contains monthly tables that list the redemption value, interest earned, and yield of accrual savings bonds purchased since 1941. Each monthly report lists the redemption value of all bonds at the time of publication. Investors and bond owners can use this dataset as an easy and understandable reference to know the redemption value of the bonds they hold.",Each row lists the redemption value and interest earned of bonds by denomination and yield from issue for a specific redemption month/year.,redemption-tables,redemp_period,1999-03-31,Semi-Annually
treasury-offset-program,v1/debt/top/top_federal,Federal Collections,Provides delinquent debt collections by Treasury Offset Program through federal and state programs.,"Each row represents Treasury Offset Program collections for a one-month period for Federal or state agencies, broken out by various subsets.",federal-collections,record_date,1999-10-01,Monthly
treasury-offset-program,v1/debt/top/top_state,State Programs,Provides delinquent debt recovery efforts by Treasury Offset Program through state programs. Tracks state participation in various programs.,Each row represents one month of participation in a particular program and collection amounts by a state agency.,state-programs,record_date,1999-10-01,Monthly
monthly-statement-public-debt,v1/debt/mspd/mspd_table_1,Summary of Treasury Securities Outstanding,A table that summarizes the amounts outstanding for all the securities issued by the Bureau of the Fiscal Service that makes up the Total Public Debt Outstanding amount.,"Each row represents the date, number, and amount of Treasury Securities broken down by security type and description.",summary-of-treasury-securities-outstanding,record_date,2001-01-31,Monthly
monthly-statement-public-debt,v1/debt/mspd/mspd_table_2,Statutory Debt Limit,"A table that summarizes the amounts outstanding for the securities issued by the Bureau of the Fiscal Service adjusted for Unamortized Discount on Treasury Bills and Zero Coupon Treasury Bonds, Other Debt (old debt issued before 1917 and old currency called United States Notes), Debt held by the Federal Financing Bank and Guaranteed Debt of Government Agencies that makes up the Total Public Debt Subject to Limit amount.","Each row represents debt that is subject to limit broken down by intragovernmental holdings, debt held by the public, and total debt as well as by classification and description.",statutory-debt-limit,record_date,2001-01-31,Monthly
monthly-statement-public-debt,v1/debt/mspd/mspd_table_3,Detail of Treasury Securities Outstanding,A table that shows details on marketable and non-marketable Treasury securities that are outstanding as of the last business day of the month.,Each row represents the monthly activity and value of securities outstanding by type of security.,detail-of-treasury-securities-outstanding,record_date,2001-01-31,Monthly
monthly-statement-public-debt,v1/debt/mspd/mspd_table_3_market,Detail of Marketable Treasury Securities Outstanding,"A table that shows in detail by CUSIP, interest rate, the issue date, maturity date, interest payment dates and amounts outstanding for unmatured Bills, Notes, Bonds, Treasury Inflation-Protected Securities and Floating Rate Notes as of the last business day of the month.",Each row represents the monthly activity and value of securities outstanding by type of marketable security.,detail-of-marketable-treasury-securities-outstanding,record_date,2001-01-31,Monthly
monthly-statement-public-debt,v1/debt/mspd/mspd_table_3_nonmarket,Detail of Non-Marketable Treasury Securities Outstanding,"A table that summarizes the monthly activity and current month amounts outstanding for Savings Bonds, Government Account Series, and State and Local Government Series securities where legal ownership cannot be transferred. These securities are outstanding as of the last business day of the month.",Each row represents the monthly activity and value of securities outstanding by type of non-marketable security.,detail-of-non-marketable-treasury-securities-outstanding,record_date,2001-01-31,Monthly
monthly-statement-public-debt,v1/debt/mspd/mspd_table_4,Historical Data,"A table that shows the historical breakdown of the Debt Held by the Public, Intragovernmental Holdings and the Total Public Debt Outstanding.","Each row represents the value of securities outstanding by holder of debt for the current month, the same month of the previous fiscal year, and the end of the previous fiscal year.",historical-data,record_date,2001-01-31,Monthly
monthly-statement-public-debt,v1/debt/mspd/mspd_table_5,Holdings of Treasury Securities in Stripped Form,"A table that shows in detail by CUSIP, the interest rate, the STRIP CUSIP, maturity date, and amounts outstanding for securities held in unstripped form, stripped form and amount that have been reconstituted. STRIP stands for Separate Trading of Registered Interest and Principal of Securities. This is a security that has been stripped down into separate securities representing the principal and each interest payment. Each payment has its own identification number and can be traded individually. These securities are also known as zero-coupon bonds.","Each row represents the value of issued, outstanding, and reconstituted Treasury Securities by CUSIP ID and maturity date as well as the interest rate. A CUSIP is a string of numbers and letters that identifies a security.",holdings-of-treasury-securities-in-stripped-form,record_date,2001-01-31,Monthly
monthly-treasury-statement,v1/accounting/mts/mts_table_1,"Summary of Receipts, Outlays, and the Deficit/Surplus of the U.S. Government","This summary table shows the total amount of receipts and outlays and the amount of the budget surplus/deficit by month for the current and prior fiscal years. This table includes total and subtotal rows that should be excluded when aggregating data. Some rows represent elements of the dataset's hierarchy, but are not assigned values. The classification_id for each of these elements can be used as the parent_id for underlying data elements to calculate their implied values. Subtotal rows are available to access this same information.","Each row is the amount of total receipts, total outlays and the budget surplus/deficit for a given month.",summary-of-receipts-outlays-and-the-deficit-surplus-of-the-u-s-government,record_date,2015-03-31,Monthly
monthly-treasury-statement,v1/accounting/mts/mts_table_2,Summary of Budget and Off-Budget Results and Financing of the U.S. Government,"This summary table shows the on-budget and off-budget receipts and outlays, the on-budget and off-budget surplus/deficit, and the means of financing the budget surplus/deficit. The table also shows the budgeted amounts estimated in the President's Budget for the current fiscal year and next fiscal year for each item on the table. This table includes total and subtotal rows that should be excluded when aggregating data. Some rows represent elements of the dataset's hierarchy, but are not assigned values. The classification_id for each of these elements can be used as the parent_id for underlying data elements to calculate their implied values. Subtotal rows are available to access this same information.","Each row includes month and fiscal year-to-date totals, the budget estimate for the fiscal year and upcoming fiscal year and the total amount from the comparable prior period year-to-date. ",summary-of-budget-and-off-budget-results-and-financing-of-the-u-s-government,record_date,2015-03-31,Monthly
monthly-treasury-statement,v1/accounting/mts/mts_table_3,Summary of Receipts and Outlays of the U.S. Government,"This summary table shows, for Budget Receipts, the total amount of activity for the current month, the current fiscal year-to-date, the comparable prior period year-to-date and the budgeted amount estimated for the current fiscal year for various types of receipts (i.e. individual income tax, corporate income tax, etc.). The Budget Outlays section of the table shows the total amount of activity for the current month, the current fiscal year-to-date, the comparable prior period year-to-date and the budgeted amount estimated for the current fiscal year for agencies of the federal government. The table also shows the amounts for the budget/surplus deficit categorized as listed above. This table includes total and subtotal rows that should be excluded when aggregating data. Some rows represent elements of the dataset's hierarchy, but are not assigned values. The classification_id for each of these elements can be used as the parent_id for underlying data elements to calculate their implied values. Subtotal rows are available to access this same information.","Each row includes month and fiscal year-to-date totals, the comparable prior period fiscal year-to-date total and the budgeted amount estimated for the fiscal year.",summary-of-receipts-and-outlays-of-the-u-s-government,record_date,2015-03-31,Monthly
monthly-treasury-statement,v1/accounting/mts/mts_table_4,Receipts of the U.S. Government,"This table shows the gross receipts, refunds and net receipts for the current month, the current fiscal year-to-date and the prior fiscal year-to-date for the various receipts of the federal government. This table includes total and subtotal rows that should be excluded when aggregating data. Some rows represent elements of the dataset's hierarchy, but are not assigned values. The classification_id for each of these elements can be used as the parent_id for underlying data elements to calculate their implied values. Subtotal rows are available to access this same information.","Each row includes the gross receipts, refunds and net receipts for the month, the fiscal year-to-date and the prior fiscal year-to-date for specific categories of governmental receipts.",receipts-of-the-u-s-government,record_date,2015-03-31,Monthly
monthly-treasury-statement,v1/accounting/mts/mts_table_5,Outlays of the U.S. Government,"This table shows the gross outlays, applicable receipts and net outlays for the current month, current fiscal year-to-date and prior fiscal year-to-date by various agency programs accounted for in the budget of the federal government. This table includes total and subtotal rows that should be excluded when aggregating data. Some rows represent elements of the dataset's hierarchy, but are not assigned values. The classification_id for each of these elements can be used as the parent_id for underlying data elements to calculate their implied values. Subtotal rows are available to access this same information.","Each row includes the total amount of gross outlays, applicable receipts and net outlays for the month, the fiscal year-to-date and the prior fiscal year-to-date for various programs within the Federal Program Agencies.",outlays-of-the-u-s-government,record_date,2015-03-31,Monthly
monthly-treasury-statement,v1/accounting/mts/mts_table_6,Means of Financing the Deficit or Disposition of Surplus by the U.S. Government,"This table shows the net transactions for the current month, and the current and prior fiscal year-to-date, as well as account balances for the beginning of the current fiscal year and current accounting month and the close of the current accounting month. This activity is related to the means used to finance the budget deficit or to dispose of a budget surplus. An asset account would represent an asset to the United States Government, for example United States Treasury Operating Cash. A liability account would represent a liability to the United States Government, for example Borrowing from the Public. This table includes total and subtotal rows that should be excluded when aggregating data. Some rows represent elements of the dataset's hierarchy, but are not assigned values. The classification_id for each of these elements can be used as the parent_id for underlying data elements to calculate their implied values. Subtotal rows are available to access this same information.",Each row includes the net transactions and account balances for the various sources used to finance the deficit or dispose of a surplus.,means-of-financing-the-deficit-or-disposition-of-surplus-by-the-u-s-government,record_date,2015-03-31,Monthly
monthly-treasury-statement,v1/accounting/mts/mts_table_6a,Analysis of Change in Excess of Liabilities of the U.S. Government,"This table is a subsidiary table for Means of Financing the Deficit or Disposition of Surplus by the U.S. Government providing a detailed view of the Change in Excess of Liabilities. This table includes total and subtotal rows that should be excluded when aggregating data. Some rows represent elements of the dataset's hierarchy, but are not assigned values. The classification_id for each of these elements can be used as the parent_id for underlying data elements to calculate their implied values. Subtotal rows are available to access this same information.","Each row includes totals for the month, fiscal year-to-date, and prior fiscal year-to-date for certain transaction types related to the change in excess of liabilities for the time periods shown.",analysis-of-change-in-excess-of-liabilities-of-the-u-s-government,record_date,2015-03-31,Monthly
monthly-treasury-statement,v1/accounting/mts/mts_table_6b,Securities Issued by Federal Agencies Under Special Financing Authorities,"This table is a subsidiary table for Means of Financing the Deficit or Disposition of Surplus by the U.S. Government providing a detailed view of the transactions labelled, Agency Securities, Issued Under Special Financing Authorities. Special financing authorities include financing that is established by legislation under special or unique circumstances and for a specific purpose. This table includes total and subtotal rows that should be excluded when aggregating data. Some rows represent elements of the dataset's hierarchy, but are not assigned values. The classification_id for each of these elements can be used as the parent_id for underlying data elements to calculate their implied values. Subtotal rows are available to access this same information.","Each row includes the net transactions reported for the month, fiscal year-to-date, and prior fiscal year-to-date. The row also includes the account balance for the beginning of the fiscal year and the accounting month and the closing balance for the accounting month. The activity shown is for agency securities and the issuing federal agency. ",securities-issued-by-federal-agencies-under-special-financing-authorities,record_date,2015-03-31,Monthly
monthly-treasury-statement,v1/accounting/mts/mts_table_6c,Federal Agency Borrowing Financed Through the Issue of Treasury Securities,"This table is a subsidiary table for Means of Financing the Deficit or Disposition of Surplus by the U.S. Government, providing a detailed view of transactions and account balances for agency programs that borrow from the United States Treasury or from the Federal Financing Bank. This table includes total and subtotal rows that should be excluded when aggregating data. Some rows represent elements of the dataset's hierarchy, but are not assigned values. The classification_id for each of these elements can be used as the parent_id for underlying data elements to calculate their implied values. Subtotal rows are available to access this same information.","Each row includes the transactions reported for the month, fiscal year-to-date, and prior fiscal year-to-date. The row also includes the account balance for the beginning of the fiscal year and the accounting month and the closing balance for the accounting month. The activity shown is for all agency programs that borrow from the United States Treasury or the Federal Financing Bank.",federal-agency-borrowing-financed-through-the-issue-of-treasury-securities,record_date,2015-03-31,Monthly
monthly-treasury-statement,v1/accounting/mts/mts_table_6d,Investments of Federal Government Accounts in Federal Securities,"This table is a subsidiary table for Means of Financing the Deficit or Disposition of Surplus by the U.S. Government providing a detailed view of federal funds and trust funds that are invested in Government Account Series (GAS) securities. Federal funds include general funds, special funds, and revolving funds (public enterprise revolving funds, intragovernmental revolving funds, and credit financing accounts). A trust fund is a type of account, designated by law, for receipts or offsetting receipts dedicated to specific purposes and the expenditure of these receipts. This table includes total and subtotal rows that should be excluded when aggregating data. Some rows represent elements of the dataset's hierarchy, but are not assigned values. The classification_id for each of these elements can be used as the parent_id for underlying data elements to calculate their implied values. Subtotal rows are available to access this same information.","Each row includes the net purchase or sales of Government Account Series (GAS) securities for the month, fiscal year-to-date, and prior fiscal year-to-date. The row also includes the total dollar amount of securities held for the beginning of the fiscal year and the beginning and ending of the account month. Each row shows the holding agency/program or trust fund of the GAS securities.",investments-of-federal-government-accounts-in-federal-securities,record_date,2015-03-31,Monthly
monthly-treasury-statement,v1/accounting/mts/mts_table_6e,"Guaranteed and Direct Loan Financing, Net Activity","This table is a subsidiary table for Means of Financing the Deficit or Disposition of Surplus by the U.S. Government providing a detailed view of all direct and guaranteed loan financing for federal credit programs under the Credit Reform Act of 1990. Guaranteed loan financing is issuing any debt obligation with a guarantee, insurance, or other pledge that payment of all or a part of the principal or interest will be made to the lender. This table applies to lending to non-federal borrowers by non-federal lenders that carries some form of guarantee by the federal government. Exceptions include the insurance of deposits, shares, or other withdrawable accounts in financial institutions. This table includes total and subtotal rows that should be excluded when aggregating data. Some rows represent elements of the dataset's hierarchy, but are not assigned values. The classification_id for each of these elements can be used as the parent_id for underlying data elements to calculate their implied values. Subtotal rows are available to access this same information.","Each row includes the net transactions reported for the month, fiscal year-to-date, and prior fiscal year-to-date. The row also includes the account balance for the beginning of the fiscal year and the accounting month and the closing balance for the accounting month. Each row represents a distinct federal credit program.",guaranteed-and-direct-loan-financing-net-activity,record_date,2015-03-31,Monthly
monthly-treasury-statement,v1/accounting/mts/mts_table_7,Receipts and Outlays of the U.S. Government by Month,"This table shows the receipts and outlays of the United States Government by month for the current fiscal year, up to and including the current accounting month. The table also shows the total receipts and outlays for the current fiscal year-to-date and the comparable prior fiscal year-to-date. This table includes total and subtotal rows that should be excluded when aggregating data. Some rows represent elements of the dataset's hierarchy, but are not assigned values. The classification_id for each of these elements can be used as the parent_id for underlying data elements to calculate their implied values. Subtotal rows are available to access this same information.",Each row on the table is the total of the type of receipt or total outlay by agencies/programs for each month of the fiscal year.,receipts-and-outlays-of-the-u-s-government-by-month,record_date,2015-03-31,Monthly
monthly-treasury-statement,v1/accounting/mts/mts_table_8,Trust Fund Impact on Budget Results and Investment Holdings,"This table shows the total receipts and outlays and the resulting surplus or deficit (shown on the table as excess) for the current month and the current fiscal year-to-date for all federal trust funds.  The table also shows the totals for securities held as investments by the federal trust funds for the beginning of the fiscal year and the beginning and ending of the current accounting month. A trust fund is a type of account, designated by law, for receipts or offsetting receipts dedicated to specific purposes and the expenditure of these receipts. This table includes total and subtotal rows that should be excluded when aggregating data. Some rows represent elements of the dataset's hierarchy, but are not assigned values. The classification_id for each of these elements can be used as the parent_id for underlying data elements to calculate their implied values. Subtotal rows are available to access this same information.","Each row on the table represents the activity for a specific federal trust fund, if applicable, or for all other trust funds.",trust-fund-impact-on-budget-results-and-investment-holdings,record_date,2015-03-31,Monthly
monthly-treasury-statement,v1/accounting/mts/mts_table_9,"Summary of Receipts by Source, and Outlays by Function of the U.S. Government","This summary table shows, for Budget Receipts, the total amount of activity for the current month, the current fiscal year-to-date, the comparable prior period year-to-date and the budgeted amount estimated for the current fiscal year for various types of receipts (i.e. individual income tax, corporate income tax, etc.). The Budget Outlays section of the table shows the total amount of activity for the current month, the current fiscal year-to-date, the comparable prior period year-to-date and the budgeted amount estimated for the current fiscal year for functions of the federal government. The table also shows the amounts for the budget/surplus deficit categorized as listed above. This table includes total and subtotal rows that should be excluded when aggregating data. Some rows represent elements of the dataset's hierarchy, but are not assigned values. The classification_id for each of these elements can be used as the parent_id for underlying data elements to calculate their implied values. Subtotal rows are available to access this same information.","Each row includes the month and fiscal year-to-date totals, the comparable prior period fiscal year-to-date total and the budgeted amount estimated for the fiscal year.",summary-of-receipts-by-source-and-outlays-by-function-of-the-u-s-government,record_date,2015-03-31,Monthly
status-report-government-gold-reserve,v2/accounting/od/gold_reserve,U.S. Treasury-Owned Gold,The amount of gold the U.S. Treasury holds in both weight and value.,"Each row represents the amount in fine troy ounces of gold held, and the book value dollar amount at a U.S. Treasury-maintained location for a given period.",u-s-treasury-owned-gold,record_date,2012-01-31,Monthly
schedules-federal-debt,v1/accounting/od/schedules_fed_debt,Schedules of Federal Debt by Month,"This table represents monthly activity for the Federal Debt Managed by the Bureau of the Fiscal Service separated by Held by the Public and Intragovernmental Debt Holdings totaled by Principal, Accrued Interest Payable, and Net Unamortized Premiums/Discounts. All figures are rounded to the nearest million.","Each row represents the amount of principal, accrued interest payable, and net unamortized debt organized by security class and month.",schedules-of-federal-debt-by-month,record_date,2005-10-31,Monthly
schedules-federal-debt,v1/accounting/od/schedules_fed_debt_fytd,"Schedules of Federal Debt, Fiscal Year-to-Date","This table represents fiscal year-to-date activity for the Federal Debt Managed by the Bureau of the Fiscal Service separated by Held by the Public and Intragovernmental Debt Holdings totaled by Principal, Accrued Interest Payable, and Net Unamortized Premiums/Discounts. All figures are rounded to the nearest million.","Each row represents the amount of principal, accrued interest payable, and net unamortized debt organized by security class and fiscal year.",schedules-of-federal-debt-fiscal-year-to-date,record_date,2005-10-31,Monthly
treasury-reporting-rates-exchange,v1/accounting/od/rates_of_exchange,Treasury Reporting Rates of Exchange,Exchange rate of foreign currencies to the U.S. dollar for reporting.,"Each row represents a country, currency and exchange rate to the U.S. dollar.",treasury-reporting-rates-of-exchange,record_date,2001-03-31,Quarterly
historical-debt-outstanding,v2/accounting/od/debt_outstanding,Historical Debt Outstanding,U.S. debt outstanding at the end of each fiscal year.,Each row represents the date and amount of total debt outstanding as of each fiscal year end.,historical-debt-outstanding,record_date,1790-01-01,Annually
savings-bonds-securities,v1/accounting/od/slgs_savings_bonds,Savings Bonds Securities,"Statistics on sold, redeemed, outstanding, and interest rates of non-marketable savings bonds.","Each row represents the value and number of issued, redeemed, and outstanding bonds by series as well as the interest fee amount and average maturity.",savings-bonds-securities,record_date,1998-10-31,Monthly (Discontinued)
record-setting-auction-data,v2/accounting/od/record_setting_auction,Record-Setting Auction,"Rates, yields, offering, and auction dates of record high and low Treasury Bills, Notes, Bonds, Treasury Inflation-Protected Securities, Floating Rate Notes and Cash Management Bills.",Each row represents marketable Treasury securities auctioned since implementation of single-priced auctions for each security term listed.,record-setting-auction,record_date,2023-10-25,As Needed
savings-bond-value-files,v2/accounting/od/sb_value,Savings Bonds Value Files,"The Savings Bond Value Files dataset is used by developers of bond pricing programs to update their systems with new redemption values for accrual savings bonds (Series E, EE, I & Savings Notes). The core data is the same as the Redemption Tables but there are differences in format, amount of data, and date range. The Savings Bonds Value Files dataset is meant for programmers and developers to read in redemption values without having to first convert PDFs.",Each row contains savings bonds redemption values for a $25 denomination of a specific redemption month and year. There are values for all issue months of a specific issue year and series.,savings-bonds-value-files,redemp_period,1992-05-31,Semi-Annually
gift-contributions-reduce-debt-held-by-public,v2/accounting/od/gift_contributions,Gift Contributions to Reduce the Public Debt,Summary of gifts donated to the United States Government to reduce debt held by the public.,Each row represents the total amount of gifts donated to the United States Government to reduce debt held by the public for a given period.,gift-contributions-to-reduce-the-public-debt,record_date,1996-09-30,Monthly
interest-expense-debt-outstanding,v2/accounting/od/interest_expense,Interest Expense on the Public Debt Outstanding,"The Interest Expense on the Debt Outstanding is a monthly summary of the cost of interest on U.S. debt, including U.S. Treasury notes and bonds, foreign and domestic series certificates of indebtedness, notes and bonds, savings bonds, State and Local Government series (SLGS) and other special purpose securities.",Each row represents a security type's amount of interest expense for a given period.,interest-expense-on-the-public-debt-outstanding,record_date,2010-05-31,Monthly
slgs-securities,v1/accounting/od/slgs_securities,State and Local Government Series Securities (Non-Marketable),"Recap of State and Local Government Series (SLGS) transaction and balance activity updated daily including subscriptions, cancellations, issues, outstanding, and redemptions of non-marketable SLGS securities.","Each row provides a recap of State and Local Government Series (SLGS) transaction and balance activity updated daily including subscriptions, cancellations, issues, outstanding, and redemptions of non-marketable SLGS securities.",state-and-local-government-series-securities-non-marketable,record_date,1998-10-01,Daily
ssa-title-xii-advance-activities,v2/accounting/od/title_xii,Advances to State Unemployment Funds (Social Security Act Title XII),Monthly balances for securities outstanding and principal outstanding for State and Local Government Series (SLGS) securities.,Each row represents SLGS securities outstanding and principal outstanding by security type.,advances-to-state-unemployment-funds-social-security-act-title-xii,record_date,2016-10-03,Daily
unemployment-trust-fund-yields,v2/accounting/od/utf_qtr_yields,Unemployment Trust Fund: Quarterly Yields,Current and historical yields earned each quarter from Unemployment Trust Funds from 1999 to the present.,Each row represents the Unemployment Trust Funds yield for each quarter listed.,unemployment-trust-fund-quarterly-yields,record_date,1999-12-31,Quarterly
securities-issued-in-treasurydirect,v1/accounting/od/securities_sales,Sales,"Securities Issued in TreasuryDirect: Sales provides gross sales, returns, net sales, and count of securities for marketable securities and savings bonds issued in TreasuryDirect. Securities are available by security class: bills, notes, bonds, and TIPS for marketable securities and Series E, EE, and I for savings bonds.","Gross sales, returns, net sales, and count of securities for a particular security type and class for a given month.",sales,record_date,2001-10-31,Monthly
securities-issued-in-treasurydirect,v1/accounting/od/securities_sales_term,Sales by Term,"Securities Issued in TreasuryDirect: Sales by Term provides the count and dollar value of marketable securities and savings bonds issued in TreasuryDirect by term. Securities are available by security class: bills, notes, bonds, and Treasury Inflation-Protected Securities (TIPS) for marketable securities and Series EE and I for savings bonds.",Dollar value count of securities sold for a particular security type and class for a given month.,sales-by-term,record_date,2001-10-31,Monthly
securities-issued-in-treasurydirect,v1/accounting/od/securities_transfers,Transfers of Marketable Securities,"Securities Issued In TreasuryDirect: Transfers of Marketable Securities provides the count and dollar value for marketable securities transferred to TreasuryDirect from legacy Treasury Direct, legacy holding system, and commercial book entry.",Dollar value and count of marketable securities transferred to TreasuryDirect for a given month.,transfers-of-marketable-securities,record_date,2005-10-31,Monthly
securities-issued-in-treasurydirect,v1/accounting/od/securities_conversions,Conversions of Paper Savings Bonds,Securities Issued in TreasuryDirect: Conversions of Paper Savings Bonds provides the count and dollar value of paper savings bonds converted to electronic savings bonds in TreasuryDirect.  ,Dollar value and count of paper savings bonds converted to electronic savings bonds in TreasuryDirect for a given savings bond series and month.,conversions-of-paper-savings-bonds,record_date,2004-12-31,Monthly
securities-issued-in-treasurydirect,v1/accounting/od/securities_redemptions,Redemptions,"Securities Issued in TreasuryDirect: Redemptions provides the count and dollar value for marketable securities and savings bonds redeemed in TreasuryDirect. Securities are available by security class: bills, notes, bonds, and Treasury Inflation-Protected Securities (TIPS) for marketable securities and Series E, EE, and I for savings bonds.",Dollar value and count of securities redeemed for a particular security type and class for a given month.,redemptions,record_date,2002-07-31,Monthly
securities-issued-in-treasurydirect,v1/accounting/od/securities_outstanding,Outstanding,"Securities Issued in TreasuryDirect: Outstanding provides the dollar value for marketable securities and savings bonds outstanding in TreasuryDirect. Securities are available by security class: bills, notes, bonds, and TIPS for marketable securities and Series E, EE, and I for savings bonds. Does not include outstanding dollar value of certificates of indebtedness. That data can be retrieved from the Securities Issued in TreasuryDirect: Certificates of Indebtedness table.",Dollar value of securities outstanding for a particular security type and class in TreasuryDirect at month end.,outstanding,record_date,2001-10-31,Monthly
securities-issued-in-treasurydirect,v1/accounting/od/securities_c_of_i,Certificates of Indebtedness,Securities Issued In TreasuryDirect: Certificates of Indebtedness provides the dollar amount of outstanding certificates of indebtedness issued in TreasuryDirect. ,Dollar amount of outstanding certificates of indebtedness issued in TreasuryDirect at month end.,certificates-of-indebtedness,record_date,2004-08-31,Monthly
securities-issued-in-treasurydirect,v1/accounting/od/securities_accounts,Accounts,Securities Issued in TreasuryDirect: Accounts provides the count of unrestricted primary accounts and funded accounts in TreasuryDirect. ,Count of unrestricted primary accounts and funded accounts in TreasuryDirect for a given month.,accounts,record_date,2000-01-31,Monthly
slgs-securities-program-stats,v2/accounting/od/slgs_statistics,Monthly State and Local Government Series (SLGS) Securities Program,This table shows what states and territories are borrowing from the federal Unemployment Trust Fund in order to pay out unemployment benefits.,"Each row represents a state's outstanding borrowing balance, amount they are authorized to borrow for the current month, current month borrowings, interest accrued for current fiscal year, and interest received (only during 09/17-09/30).",monthly-state-and-local-government-series-slgs-securities-program,record_date,2014-03-31,Monthly
qtcb-historical-interest-rates,v2/accounting/od/qualified_tax,Historical Qualified Tax Credit Bond Interest Rates,"Historical interest rate, term to maturity, and permitted sinking fund yield for qualified tax credit bonds reported daily through January 30, 2018.","Each row represents the historical interest rate, term to maturity, and permitted sinking fund yield for the reporting day.",historical-qualified-tax-credit-bond-interest-rates,record_date,2009-03-30,Daily (Discontinued)
u-s-government-financial-report,v2/accounting/od/statement_net_cost,Statements of Net Cost,"The Statement of Net Cost presents the net cost of government operations, including the operations related to funds from dedicated collections. Costs and earned revenues are categorized on the Statement of Net Cost by significant entity, providing greater accountability by showing the relationship of entities' net costs to the government-wide net cost. Net cost is computed by subtracting earned revenue from gross cost, adjusted by the total gain or loss from changes in assumptions.","Each row represents a significant entity and their associated gross cost, earned revenue, gain or loss from changes in assumptions, and net cost.",statements-of-net-cost,record_date,2001-09-30,Annually
u-s-government-financial-report,v1/accounting/od/net_position,Statements of Operations and Changes in Net Position,"The Statement of Operations and Changes in Net Position (SOCNP) reports the results of government operations, net operating costs, which includes the results of operations for funds from dedicated collections. The statement includes non-exchange revenues, which are inflows of resources to the government that the government demands or that it receives by donations are identified, such as taxes and duties. The net operating cost equals revenue less net cost of government operations (that flows from the Statement of Net Cost) adjusted by intra-governmental transfers and unmatched transactions and balances. The change in net position between the beginning and end of the fiscal year reflects adjustments to beginning net position and net operating costs.","Each row represents the non-dedicated collections and dedicated collections funds, eliminations, and consolidated amounts in billions for the associated Line Item Description in a given fiscal year.",statements-of-operations-and-changes-in-net-position,record_date,2006-09-30,Annually
u-s-government-financial-report,v1/accounting/od/reconciliations,Reconciliations of Net Operating Cost and Budget Deficit,"The Reconciliation of Net Operating Cost and Budget Deficit statement covers the reconciliation of the results of operations (net operating cost from the Statement of Operations and Changes in Net Position) to the budget deficit. Receipts and outlays in the budget are measured primarily on a cash basis as opposed to the accrual basis of accounting used in the Financial Report. The premise of the reconciliation is that transaction data is shared between the accrual and budgetary cash accounting basis. These statements begin with net operating cost and report activities where the basis of accounting for the components of net operating cost and the budget deficit differ, as well as adjustments to beginning net position and other reconciling items. ",Each row represents the amount in billions for the associated Line Item Description in a given fiscal year.,reconciliations-of-net-operating-cost-and-budget-deficit,record_date,2016-09-30,Annually
u-s-government-financial-report,v1/accounting/od/cash_balance,Statements of Changes in Cash Balance from Budget and Other Activities,"The Statement of Changes in Cash Balance from Budget and Other Activities covers cash flow from budget activities, adjustments from non-cash outlays included in the budget, cash flow from activities not included in the budget. It details how the annual budget deficit relates to the change in the government's cash, other monetary assets, federal debt, and interest payable. It also explains how the budget deficits were financed.",Each row represents the amount in billions for the associated line item in a given fiscal year.,statements-of-changes-in-cash-balance-from-budget-and-other-activities,record_date,2018-09-30,Annually
u-s-government-financial-report,v2/accounting/od/balance_sheets,Balance Sheets,"The Balance Sheet provides an overview of the government's assets, liabilities, and net position to present a more comprehensive report of the government's financial position. The most significant assets that are reported on the balance sheets are loans receivable; property, plant, and equipment; inventories and related property; and cash or other monetary assets. The most significant liabilities reported on the balance sheets are federal debt securities held by the public and accrued interest, and federal employee and veteran benefits payable. The net position is the residual difference between assets and liabilities and is the cumulative results of operations since inception.",Each row represents the amount in billions for the associated Line Item Description.,balance-sheets,record_date,1995-09-30,Annually
u-s-government-financial-report,v1/accounting/od/long_term_projections,Statements of Long-Term Fiscal Projections,"The Statement of Long-Term Fiscal Projections displays the present value of 75-year projections by major category of receipts and non-interest spending. It aids in the assessment of the federal government's financial condition and how it has changed during the year and may change in the future. It also helps in evaluating whether future budgetary resources will be sufficient to sustain public services and to meet obligations when due, assuming that current policy for federal government public services and taxation is continued without change. This statement presents data as a percent of GDP to help readers assess whether current fiscal policy is sustainable.","Each row represents the present value of 75-year projection amounts in trillions for the current year and the previous year, projection amount change in trillions from the previous fiscal year, projections as a percent of GDP for both current and previous years, and change in the percent of GDP from the previous fiscal year for the associated Line Item Description in a given fiscal year.",statements-of-long-term-fiscal-projections,record_date,2015-09-30,Annually
u-s-government-financial-report,v1/accounting/od/social_insurance,Statements of Social Insurance,"The Statement of Social Insurance (SOSI) provides long-range estimates that can be used to assess the financial condition of the most significant U.S. social insurance programs: Social Security, Medicare, Railroad Retirement, and Black Lung. These programs are administered by the Social Security Administration, the Department of Health & Human Services, the Railroad Retirement Board, and the Department of Labor, respectively. SOSI displays 75-year projections (except for Black Lung) by major social insurance program, illustrating the relationship between the estimated receipts and expenditures of those programs.","Each row represents the projection amount in trillions for the associated Participant Group, Account, and Program in a given fiscal year.",statements-of-social-insurance,record_date,2006-09-30,Annually
u-s-government-financial-report,v1/accounting/od/insurance_amounts,Statements of Changes in Social Insurance Amounts,"The Statement of Changes in Social Insurance Amounts (SCSIA) shows reasons for changes in the Statement of Social Insurance (SOSI) estimates between one current valuation period and the prior valuation period. It details the reasons for the change by social insurance program, including changes in factors such as (1) demographic data, assumptions, and methods; (2) policy; and (3) economic and other health care assumptions.","Each row represents the projection amount in trillions for Social Security, Medicare Part A, Medicare Part B, Other, and the total across all social insurance programs for the associated Line Item Description in a given fiscal year.",statements-of-changes-in-social-insurance-amounts,record_date,2011-09-30,Annually
revenue-collections-management,v2/revenue/rcm,U.S. Government Revenue Collections,"A daily overview of federal revenue collections such as individual and corporate income tax deposits, customs duties, fees for government service, fines, and loan repayments. These collections can be made through either electronic or non-electronic transactions by mail, internet, bank, or over-the-counter (OTC) channels.","Each row represents the net collections amount for the associated electronic category, channel type, and tax category on the given date.",u-s-government-revenue-collections,record_date,2004-10-01,Daily
fbp-interest-on-uninvested-funds,v2/accounting/od/interest_uninvested,Federal Borrowings Program: Interest on Uninvested Funds,A quarterly report containing interest balances associated with Treasury's Credit Reform: Interest Paid on Uninvested Funds account.,Treasury's reported interest payable and interest expense corresponding with a specific borrowing account as of the end of the quarter.,federal-borrowings-program-interest-on-uninvested-funds,record_date,2016-12-31,Quarterly
fip-interest-cost-by-fund,v2/accounting/od/interest_cost_fund,Federal Investments Program: Interest Cost by Fund,"A monthly summary report containing premiums, discounts, accrued interest collected, interest payments, and inflation compensation for all accounts invested in Government Account Series (GAS) Securities, as well as premium and discount amortization for accounts invested in zero-coupon bonds (ZCBs).","Premiums, discounts, accrued interest collected, interest payments, and inflation compensation for an account invested in Government Account Series (GAS) Securities.",federal-investments-program-interest-cost-by-fund,record_date,2001-10-31,Monthly
treasury-report-on-receivables,v2/debt/tror,Treasury Report on Receivables Full Data,"The Treasury Report on Receivables and Debt Collection Activities (TROR) is the federal government's primary means for collecting data on the status of non-tax receivables (delinquent and non-delinquent debt) owed to the United States. This report provides summary data on the value of receivables owed to the Federal government, the portion of those receivables that are delinquent, and efforts to collect or write off delinquent debt.

Receivables are categorized as being either current or delinquent. Delinquent receivables are also referred to as delinquent debt. Receivables are also categorized by type of receivable: Administrative Receivables, Direct Loans, and Defaulted Guaranteed Loans. Administrative Receivables are non-loan receivables, including fines, payments, and overpayments. Direct Loans and Defaulted Guaranteed Loans are federal loan receivables.

Generally, Federal creditor agencies assess interest on outstanding loan receivables. Federal creditor agencies are also generally required to assess interest, penalties, and administrative costs when receivables become delinquent. The rate of interest is generally governed by 31 U.S.C. Section 3717 and published by the Department of the Treasury.

Collections are not always mutually exclusive. The amount and count of collections are recorded for each tool or technique that is used to collect funds.","A row displays the amount and/or count of debt collected and owed, as well as delinquent debt collected, owed, and written off for the type of receivable in the reporting quarter.",treasury-report-on-receivables-full-data,record_date,2016-12-31,Quarterly
treasury-report-on-receivables,v2/debt/tror/collected_outstanding_recv,Collected and Outstanding Receivables,"Collected and Outstanding Receivables provides amounts owed to the federal government by an individual, organization, or entity other than another federal agency during the reporting period. The total outstanding receivable balance at the end of a fiscal year is the net of receivables that remained unpaid from prior fiscal years and new receivables recorded during that fiscal year, less collections, adjustments, and amounts written off and closed out.

Receivables are categorized as being either current or delinquent. Delinquent receivables are also referred to as delinquent debt. Receivables are also categorized by type of receivable: Administrative Receivables, Direct Loans, and Defaulted Guaranteed Loans. Administrative Receivables are non-loan receivables, including fines, payments, and overpayments. Direct Loans and Defaulted Guaranteed Loans are federal loan receivables.

Generally, federal creditor agencies assess interest on outstanding loan receivables. Federal creditor agencies are also generally required to assess interest, penalties, and administrative costs when receivables become delinquent. The rate of interest is generally governed by 31 U.S.C. Section 3717 and published by the Department of the Treasury.

Collections are not always mutually exclusive. The amount and count of collections are recorded for each tool or technique that is used to collect funds.",A row displays the amount and/or count of debt collected and owed for the type of receivable in the reporting quarter.,collected-and-outstanding-receivables,record_date,2016-12-31,Quarterly
treasury-report-on-receivables,v2/debt/tror/delinquent_debt,Delinquent Debt,"Delinquent Debt provides delinquent debt amounts owed to the federal government by an individual, organization, or entity other than another federal agency during the reporting period. A non-tax debt is considered delinquent if it has not been paid by the date specified in an agency's initial written demand for payment or applicable agreement. A non-tax debt may become delinquent during the same fiscal year that it was recorded as a receivable or during a subsequent fiscal year.

The total outstanding delinquent debt balance at the end of a fiscal year is the net of debt that remained delinquent from previous fiscal years and debt that became delinquent during that fiscal year, less collections, adjustments, and amounts written off. The calculation of the amount that became delinquent during the fiscal year is based on debt that was between 1 and 365 days delinquent as of September 30 of the Fiscal Year.

Delinquent debts are categorized by age: 1-180 days, 181 days-2 years, 2-6 years, 6-10 years, and >10 years. Delinquent debts are also categorized by creditor agency category: Commercial, Consumer, Foreign and Sovereign Government, and State and Local Government. Beginning in first quarter of FY2016, the dataset includes additional detailed breakdowns of the U.S. Government's delinquent debt by age, as required by the DATA Act.",A row displays the amount and/or count of delinquent debt owed for the type of receivable in the reporting quarter.,delinquent-debt,record_date,2016-12-31,Quarterly
treasury-report-on-receivables,v2/debt/tror/collections_delinquent_debt,Collections on Delinquent Debt,"Collections on Delinquent Debt provides amounts of delinquent debt collected during the reporting period. Federal creditor agencies utilize a combination of debt collection tools. Among these collection tools are administrative wage garnishment (AWG), use of private collection agencies (PCAs), offset of Federal and State payments through the Treasury Offset Program (TOP), use of Fiscal Service's Cross-Servicing Program (CS), and litigation. Before using most collection tools, federal creditor agencies must first provide debtors with due process. This includes providing notice and an opportunity to enter into a repayment agreement based on the debtor's financial circumstances, dispute the debt, or object to the intended collection action.

Generally, federal creditor agencies are required to refer delinquent federal non-tax debt to Fiscal Service for collection through its delinquent debt collection programs, known as the Cross-Servicing Program and TOP. Federal creditor agencies generally are required to refer debts at no later than 120 days delinquent to the Cross-Servicing Program and TOP. Before referring a debt to Fiscal Service for collection, federal creditor agencies must provide debtors with notice and an opportunity to enter into a repayment agreement based on the debtor's financial circumstances, dispute the debt, or object to the intended collection action. While federal creditor agencies are responsible for providing this required due process, Fiscal Service also provides debtors with additional opportunities to resolve their debts prior to the initiation of adverse collection action. For example, prior to initiating a collection action, the Cross-Servicing Program sends a demand letter to each debtor, and TOP sends a warning letter to payees before offsetting recurring payments.

Collections are not always mutually exclusive. The amount and count of collections are recorded for each tool or technique that is used to collect funds.",A row displays the amount and/or count of delinquent debt collected for the type of receivable in the reporting quarter.,collections-on-delinquent-debt,record_date,2016-12-31,Quarterly
treasury-report-on-receivables,v2/debt/tror/written_off_delinquent_debt,Written Off Delinquent Debt,"Written Off Delinquent Debt provides amounts of delinquent debt written off during the reporting period. Federal creditor agencies are generally required to write off non-tax debt that is two years delinquent (see Office of Management and Budget Circular A-129). By writing off delinquent federal non-tax debt as uncollectible, federal creditor agencies more accurately reflect the value of their receivables on the books of the United States.

Certain write-offs are categorized as currently not collectible (CNC), which means that collection efforts continue until the agency determines it should terminate those efforts. Currently not collectibles debts are not always mutually exclusive as the amounts and counts are recorded for each tool or technique that is used to collect funds. Other write-offs are categorized as closed out, meaning a federal creditor agency has terminated all debt collection action. Consequently, a federal creditor agency may be required to report such write-offs to the Internal Revenue Service (IRS) as potential income to the debtor.",A row displays the amount and/or count of delinquent debt written off for the type of receivable in the reporting quarter.,written-off-delinquent-debt,record_date,2016-12-31,Quarterly
judgment-fund-report-to-congress,v2/payments/jfics/jfics_congress_report,Judgment Fund: Annual Report to Congress,"This table provides a listing of payments made through the Judgment Fund including the amount paid out, judgment type, legal representatives, agencies involved, and associated costs.",Each row represents a record of a payment made through the Judgment Fund. ,judgment-fund-annual-report-to-congress,record_date,2009-09-30,Annually
schedules-federal-debt-daily,v1/accounting/od/schedules_fed_debt_daily_activity,Daily Activity ,"The Daily Activity Table provides daily changes in federal debt. The data notes whether the debt is debt held by the public or intragovernmental holdings. These two categories are further broken down into borrowing, repayment, interest, unamortized, and amortization amounts.","Each row represents the daily amount of public principal borrowings, public principal repayments, public interest accrued, public interest paid, public net unamortized, public net amortization, intragov principal net increase, intragov interest accrued, intragov interest paid, intragov net unamortized, & intragov net amortization. For each fiscal year there is included a row to indicate the End of Fiscal Year Balance as of 9-30-YYYY. For each fiscal year there is included a row to indicate the running total.",daily-activity,record_date,2006-09-30,Daily
schedules-federal-debt-daily,v1/accounting/od/schedules_fed_debt_daily_summary,Daily Summary,"The Daily Activity Table provides daily federal debt balances. The data is broken out by debt held by the public and intragovernmental holdings amounts. These amounts include principal, accrued interest payable, and net unamortized. These amounts are in millions.","Each row represents the Debt Held by the Public and Intragovernmental Debt Holdings principal, accrued interest payable, and net unamortized daily balances.",daily-summary,record_date,2022-01-13,Daily
fbp-summary-general-ledger-balances-report,v1/accounting/od/fbp_gl_borrowing_balances,Summary General Ledger Borrowing Balances,"The Summary General Ledger Borrowing Balances table provides Treasury Loans Receivable, Capitalized Interest Receivable, Interest Receivable, Interest Revenue, Gain, and Loss balances associated with every corresponding borrowing agency expenditure Treasury Account Symbol.","Each row represents the Treasury Loans Receivable, Capitalized Interest Receivable, Interest Receivable, Interest Revenue, Gain, and Loss balances associated with every corresponding borrowing agency expenditure Treasury Account Symbol. Please note that there are grand total rows included.",summary-general-ledger-borrowing-balances,record_date,2005-10-31,Monthly
fbp-summary-general-ledger-balances-report,v1/accounting/od/fbp_gl_repay_advance_balances,Summary General Ledger Repayable Advance Balances,"The Summary General Ledger Repayable Advance Balances table provides Treasury Loans Receivable, Capitalized Interest Receivable, Interest Receivable, Interest Revenue, Gain, and Loss balances associated with every corresponding borrowing agency expenditure Treasury Account Symbol. The *0002 represents the extended unemployment compensation account within the unemployment trust fund and the *0003 represents the federal unemployment account within the unemployment trust fund.","Each row represents the Treasury Loans Receivable, Capitalized Interest Receivable, Interest Receivable, Interest Revenue, Gain, and Loss balances associated with every corresponding borrowing agency expenditure Treasury Account Symbol. Please note that there are grand total rows included.",summary-general-ledger-repayable-advance-balances,record_date,2019-10-31,Monthly
slgs-daily-rate-table,v1/accounting/od/slgs_demand_deposit_rates,Demand Deposit Rate,"The Demand Deposit Rate table provides daily rates for demand deposit securities. The Demand Deposit rate covers all Demand Deposit securities issued, regardless of the redemption date.",Each row represents the annualized effective rate and daily factor for each day.,demand-deposit-rate,record_date,1992-06-15,Daily
slgs-daily-rate-table,v1/accounting/od/slgs_time_deposit_rates,Time Deposit Rate,The Time Deposit Rate table provides daily rates for time deposit securities based on security life.,Each row represents the time deposit rates for the security life as indicated by the From and Through fields.,time-deposit-rate,record_date,1992-06-15,Daily
fed-credit-similar-maturity-rates,v1/accounting/od/federal_maturity_rates,Federal Credit Similar Maturity Rates,"The Federal Credit Similar Maturity Rates table provides the annual rates for outstanding fixed-rate Treasury securities, categorized on the basis of their remaining maturity.","Each row represents the annual rates for fixed-rate Treasury securities with maturities of less than or equal to 1 year, between 1 and 5 years, greater than or equal to 5 and less than 10 years, greater than or equal to 10 and less than 20 years, and greater than or equal to 20 years.",federal-credit-similar-maturity-rates,record_date,1992-09-30,Annually
treasury-managed-accounts,v1/accounting/od/tma_contract_disputes,Contract Disputes Receivables,"The Contract Disputes Receivables table provides the 020 3101000 (recoveries from Federal Agencies for Settlement of Claims from Contract Disputes) account balances within each account as identified by agency. These accounts include the 131000 receivable balance, 131900 allowance balance, and 590000 revenue balance.","Each row represents the 020 3101000 (recoveries from Federal Agencies for Settlement of Claims from Contract Disputes) account balances for each agency within the 131000 receivable account, 131900 allowance account, and 590000 revenue account.",contract-disputes-receivables,record_date,2022-12-31,Quarterly
treasury-managed-accounts,v1/accounting/od/tma_no_fear,No FEAR Act Receivables,The No FEAR Act Receivables table provides the 020 3112000 (reimbursements from federal agencies for payments made as the result of discriminatory conduct) account balances within each account as identified by agency. These accounts include the 131000 receivable balance and 590000 revenue balance.,Each row represents the 020 3112000 (reimbursements from federal agencies for payments made as the result of discriminatory conduct) account balances for each agency within the 131000 receivable account and 590000 revenue account.,no-fear-act-receivables,record_date,2022-12-31,Quarterly
treasury-managed-accounts,v1/accounting/od/tma_unclaimed_money,Unclaimed Money,The Unclaimed Money table provides the 20X6133 (unclaimed moneys) account balance as identified by agency.,Each row represents the 20X6133 (unclaimed moneys) account balance for each agency.,unclaimed-money,record_date,2022-12-31,Quarterly
treasury-certified-interest-rates-semiannual,v1/accounting/od/tcir_semi_annual,Semi-Annual Interest Rate Certification,The following table contains rates certified by Treasury for various statutory purposes.,Each row represents the interest rate certified by Treasury which is effective for the date range and legislation listed.,semi-annual-interest-rate-certification,record_date,2008-01-08,Semi-Annually
treasury-certified-interest-rates-quarterly,v1/accounting/od/tcir_quarterly_table_1,Interest Rates for the Reclamation Reform Act of 1982,"The Reclamation Reform Act (RRA) of 1982 table represents the dollar amount sold and the average yield to maturity for a given month and year. The RRA was signed into law on October 12, 1982 and was the culmination of an effort to modernize Federal reclamation law. ",Each row represents the dollar amount sold and the avg yield to maturity by month and year.,interest-rates-for-the-reclamation-reform-act-of-1982,record_date,2006-10-06,Quarterly
treasury-certified-interest-rates-quarterly,v1/accounting/od/tcir_quarterly_table_2a,Interest Rates for Specific Legislation,The Interest Rates for Specific Legislation table provides applicable interest rates in accordance with listed legislation for each quarter.,Each row represents the applicable interest rates in accordance with legislation for each quarterly ending period.,interest-rates-for-specific-legislation,record_date,2006-10-10,Quarterly
treasury-certified-interest-rates-quarterly,v1/accounting/od/tcir_quarterly_table_2b,Interest Rates for Specific Legislation,The Interest Rates for Specific Legislation table provides applicable interest rates effective in accordance with each listed legislation for each quarter.,Each row represents the applicable interest rates in accordance with legislation for each effective quarterly period.,interest-rates-for-specific-legislation,record_date,2006-10-03,Quarterly
treasury-certified-interest-rates-quarterly,v1/accounting/od/tcir_quarterly_table_3,Interest Rates for National Consumer Cooperative Bank,"The Interest Rates for National Consumer Cooperative Bank table provides applicable, adjusted, and contract interest rates specific to the National Consumer Cooperative Bank for a specific term.",Each row represents three different applicable interest rates for the national consumer cooperative bank by term and the maturity or next interest reset date. ,interest-rates-for-national-consumer-cooperative-bank,record_date,2006-10-01,Quarterly
treasury-certified-interest-rates-monthly,v1/accounting/od/tcir_monthly_table_1,Month Year Specific Maturities,The Treasury Loans to Government Agencies table represents the specific maturities for the Treasury Loans to Government Agencies rate changes from the previous month to the current month for a set maturity time frame.,"Each row represents the rate used for the previous month, the indicated rate for the current month and the changes between the two months for a given maturity date.",month-year-specific-maturities,record_date,2006-10-02,Monthly
treasury-certified-interest-rates-monthly,v1/accounting/od/tcir_monthly_table_2,Month Year Range of Maturities,The Range of Maturities table provides the Treasury Loans to Government Agencies rates for the month at various intervals.,Each row represents the certified interest rates for Treasury loans for a certain date range.,month-year-range-of-maturities,record_date,2006-10-02,Monthly
treasury-certified-interest-rates-monthly,v1/accounting/od/tcir_monthly_table_3,Month Year Other Treasury Borrowing Authorities,The Other Treasury Borrowing Authorities table represents the certified interest rates and legislation for Other Treasury Borrowing Authorities.,Each row represents the applicable interest rates in accordance with legislation for a specific month.,month-year-other-treasury-borrowing-authorities,record_date,2006-10-02,Monthly
treasury-certified-interest-rates-monthly,v1/accounting/od/tcir_monthly_table_4,Month Year Guam Development Fund Act,The Guam Development Fund Act table provides the cerified interest rates for the Guam Development Fund Act for the month at various intervals.,Each row represents the certified interest rates specific to the Guam Development Fund Act for a certain date range.,month-year-guam-development-fund-act,record_date,2006-10-02,Monthly
treasury-certified-interest-rates-monthly,v1/accounting/od/tcir_monthly_table_5,Month Year Department of Defense Arms Export Control Act,"For the Department of Defense Arms Export Control Act table, the rates are determined under provisions of 22 U.S.C.  2771(c) and applied for the placement of Foreign Military Sales direct credits.",Each row represents the certified interest rates for the Department of Defense Arms Export Control for a certain date range.,month-year-department-of-defense-arms-export-control-act,record_date,2006-10-02,Monthly
treasury-certified-interest-rates-monthly,v1/accounting/od/tcir_monthly_table_6,Month Year Other Specific Legislation,The Other Specific Legislation table provides applicable interest rates in accordance with listed legislation for the month.,Each row represents the applicable interest rates in accordance with other specific legislation for a given month.,month-year-other-specific-legislation,record_date,2006-10-02,Monthly
treasury-certified-interest-rates-annual,v1/accounting/od/tcir_annual_table_1,Range of Maturities,"The Rang of Maturities table shows average market yields on Treasury securities, for the month of September for the fiscal year listed, at various intervals.",Each row represents the average market yield on Treasury securities and its effective interval.,range-of-maturities,record_date,2006-10-02,Annually
treasury-certified-interest-rates-annual,v1/accounting/od/tcir_annual_table_2,Small Reclamation Project Act,"Public Law 89-553, Section 5(c), approved September 2, 1966; to amend the Small Reclamation Project Act:
a. The previous single rate methodology for grandfathered projects (Public Law 84-984, Section 5(c)(2)).
b. A schedule of maturity dates and yields for functions other than flood control (Public Law 99-546, Section 307). Table 1 - Range of Maturities schedule shows average market yields on Treasury securities for the month of September at various intervals.
c. A schedule of maturity dates and yields for flood control the same as those supplied the Corps of Engineers (Public Law 99-546, Section 306 and Public Law 99-662, Sections 103 and 106). Table 1 - Range of Maturities shows average market yield on Treasury securities for the month of September at various intervals.","Each row represents the previous single rate methodology for grandfathered projects (Public Law 84-984, Section 5(c)(2)) for each fiscal year.",small-reclamation-project-act,record_date,2006-10-03,Annually
treasury-certified-interest-rates-annual,v1/accounting/od/tcir_annual_table_3,U.S. Army Corps of Engineers,The U.S. Army Corps of Engineers table provides interest rates that were formally published by the Water Resources Council as well as average market yields on Treasury securities.,Each row represents the interest rate for each fiscal year applicable to the legislation listed.,u-s-army-corps-of-engineers,record_date,2006-10-03,Annually
treasury-certified-interest-rates-annual,v1/accounting/od/tcir_annual_table_4,Bureau of Reclamation,The Bureau of Reclamation table provides applicable rates for each fiscal year for computing interest on funds advanced for various Bureau of Reclamation activities.,Each row represents the interest rate for each fiscal year applicable to the reclamation activies listed.,bureau-of-reclamation,record_date,2006-10-03,Annually
treasury-certified-interest-rates-annual,v1/accounting/od/tcir_annual_table_5,Mid-Dakota Rural Water System Act,"Public Law 102-575, Title XIX - Mid-Dakota Rural Water System Act of 1992, Section 1903(e)(2), dated October 30, 1992; for computing interest on funds advanced for various Bureau of Reclamation activities.",Each row represents the interest rate for each fiscal year.,mid-dakota-rural-water-system-act,record_date,2006-10-03,Annually
treasury-certified-interest-rates-annual,v1/accounting/od/tcir_annual_table_6,Merchant Marine Act,"The Merchant Marine Act table provides applicable interest rates on nonqualified withdrawals from a Capital Construction Fund in accordance with the Merchant Marine Act of 1936 - Section 607(h)(4)(B), as amended (46 U.S.C. 1177) for each calendar year.",Each row represents the interest rate for each calendar year.,merchant-marine-act,record_date,2007-01-03,Annually
treasury-certified-interest-rates-annual,v1/accounting/od/tcir_annual_table_7,Other Specific Legislation - Calendar Year,The Other Specific Legislation - Calendar Year table provides applicable interest rates in accordance with listed legislation for each calendar year. This table corresponds to Table 8a on TreasuryDirect.,Each row represents the interest rate for each calendar year applicable to the legislation listed.,other-specific-legislation-calendar-year,record_date,2006-10-06,Annually
treasury-certified-interest-rates-annual,v1/accounting/od/tcir_annual_table_8,Other Specific Legislation - Fiscal Year,The Other Specific Legislation - Fiscal Year table provides applicable interest rates in accordance with listed legislation for each fiscal year. This table corresponds to Table 8b on TreasuryDirect.,Each row represents the interest rate for each fiscal year applicable to the legislation listed.,other-specific-legislation-fiscal-year,record_date,2006-10-06,Annually
treasury-certified-interest-rates-annual,v1/accounting/od/tcir_annual_table_9,Power Marketing Administration,The Power Marketing Administration table provides applicable interest rates in accordance with the legislation section for each fiscal year.,Each row represents the interest rate for each fiscal year applicable to the legislation section listed.,power-marketing-administration,record_date,2006-10-03,Annually
treasury-securities-auctions-data,v1/accounting/od/auctions_query,Treasury Securities Auctions Data,"The Treasury Securities Auctions Data dataset provides data on announced and auctioned marketable Treasury securities. The issue date, security type, security term, maturity date, along with other descriptors are provided for the auctioned/announced Treasury securities. Treasury uses an auction process to sell marketable securities and determine their rate, yield, or discount margin. The value of Treasury marketable securities fluctuates with changes in interest rates and market demand.","Each row represents a Treasury security being auctioned/announced, which is represented by a unique CUSIP identifier. CUSIP and Issue Date are the unique identifiers. Each CUSIP is provided by the CUSIP (Committee on Uniform Securities Identification Procedures) Service Bureau. ",treasury-securities-auctions-data,record_date,1979-01-01,Daily
treasury-bulletin,v1/accounting/tb/pdo1_offerings_regular_weekly_treasury_bills,PDO-1 - Offerings of Regular Weekly Treasury Bills,"The Offerings of Regular Weekly Treasury Bills table presents the results of weekly auctions of 4, 8, 13, 17, and 26 week bills. Treasury bills mature each Thursday. Issues of 4 and 13 week bills are reopenings of 26 week bills. High rates on accepted tenders and the dollar value of total bids are presented, with the dollar value of awards made on both competitive and noncompetitive basis. To encourage the participation of individuals and smaller institutions, Treasury accepts noncompetitive tenders of up to $5 million in each auction of securities.","Each row represents Treasury bills issued by maturity with high rates on accepted tenders and the dollar value of total bids are presented, with the dollar value of awards made on both competitive and noncompetitive basis.",pdo-1-offerings-of-regular-weekly-treasury-bills,record_date,2021-03-01,Quarterly
treasury-bulletin,v1/accounting/tb/pdo2_offerings_marketable_securities_other_regular_weekly_treasury_bills,PDO-2 - Offerings of Marketable Securities Other than Regular Weekly Treasury Bills,"The Offerings of Marketable Securities Other than Regular Weekly Treasury Bills table lists the results of auctions of marketable securities, other than weekly bills, in chronological order over the past 2 years. Issues of cash management bills also are presented.","Each row represents the auctions results of marketable securities with amounts tendered and accepted amounts, yields, discount margin, and equivalent price.",pdo-2-offerings-of-marketable-securities-other-than-regular-weekly-treasury-bills,record_date,2021-03-01,Quarterly
treasury-bulletin,v1/accounting/tb/ofs1_distribution_federal_securities_class_investors_type_issues,OFS-1 - Distribution of Federal Securities by Class of Investors and Type of Issues,"The Distribution of Federal Securities by Class of Investors and Type of Issues table presents Treasury marketable andnonmarketable securities and debt issued by other Federal agencies held by Government accounts, the FRBs, and private investors. Social Security and Federal retirement trust fund investments comprise much of the Government account holdings. The FRBs acquire Treasury securities in the market as a means of executing monetary policy. ",Each row represents the federal securities amount for each securities classification by month.,ofs-1-distribution-of-federal-securities-by-class-of-investors-and-type-of-issues,record_date,2021-03-31,Quarterly
treasury-bulletin,v1/accounting/tb/ofs2_estimated_ownership_treasury_securities,OFS-2 - Estimated Ownership of U.S. Treasury Securities,"The Estimated Ownership of U.S. Treasury Securities table presents the estimated ownership of U.S. Treasury securities. Information is primarily obtained from the Federal Reserve Board of Governors Flow of Funds data, Table L209. State, local, andforeign holdings include special issues of nonmarketable securities to municipal entities and foreign official accounts. They also include municipal, foreign official, and private holdings of marketable Treasury securities.",Each row represents the estimated ownership amount of U.S. Treasury securities by end of month.,ofs-2-estimated-ownership-of-u-s-treasury-securities,record_date,2021-03-31,Quarterly
treasury-bulletin,v1/accounting/tb/uscc1_amounts_outstanding_circulation,USCC-1 - Amounts Outstanding and in Circulation,"The USCC-1 - Amounts Outstanding and in Circulation table informs the public of the total face value of currency and coin used as a medium of exchange that is in circulation. It defines the total amount of currency and coin outstanding and the portion deemed to be in circulation. It includes some old and current rare issues that do not circulate or that may do so to a limited extent. Treasury includes them in the statement because the issues were originally intended for general circulation. The USCC comes from monthly reports compiled by Treasury offices, U.S. Mint offices, the Federal Reserve banks (FRBs), and the Federal Reserve Board.","Each row represents U.S. currency and coins outstanding, in circulation, and held by the Treasury and Federal Reserve Banks.",uscc-1-amounts-outstanding-and-in-circulation,record_date,2021-03-01,Quarterly
treasury-bulletin,v1/accounting/tb/uscc2_amounts_outstanding_circulation,USCC-2 - Amounts Outstanding and in Circulation,"The USCC-2 - Amounts Outstanding and in Circulation table provides a description of the various issues of paper money by denomination. Partial notes represents value of certain partial denominations not presented for redemption. It also gives an estimated average of currency and coin held by each individual, using estimates of population from the Bureau of the Census. The USCC comes from monthly reports compiled by Treasury offices, U.S. Mint offices, the Federal Reserve banks (FRBs), and the Federal Reserve Board.",Each row represents amounts of each U.S. currency denomination in circulation and oustanding.,uscc-2-amounts-outstanding-and-in-circulation,record_date,2021-03-01,Quarterly
treasury-bulletin,v1/accounting/tb/fcp1_weekly_report_major_market_participants,FCP-1 - Weekly Report of Major Market Participants,"The Foreign Currency Positions Weekly Report of Major Market Participants contains foreign currency holdings of large foreign exchange market participants. This table presents the currency data reported weekly by major market participants. This table provides information on positions in derivative instruments, such as foreign exchange futures and options that are increasingly used in establishing foreign exchange positions. Weekly reports must be filed throughout the calendar year by major foreign exchange market participants, which are defined as market participants with more than $50 billion equivalent in foreign exchange contracts on the last business day of any calendar quarter during the previous year (end March, September, September, or December). Such contracts include the amounts of foreign exchange spotcontracts bought and sold, foreign exchange forward contracts bought and sold, foreign exchange futures bought and sold, and one half the notional amount of foreign exchange options bought and sold. The information in the table is based on the reports referenced in this Introduction: Foreign Currency Positions and is not audited by the Federal Reserve banks or the Treasury Department. Please note that these amounts are reported in the foreign currency specified.",Each row represents the positions in derivative instruments amounts and the exchange rate for the associated foreign currency and weekly report date.,fcp-1-weekly-report-of-major-market-participants,record_date,2021-03-01,Quarterly
treasury-bulletin,v1/accounting/tb/fcp2_monthly_report_major_market_participants,FCP-2 - Monthly Report of Major Market Participants,"The Foreign Currency Positions Monthly Report of Major Market Participants contains foreign currency holdings of large foreign exchange market participants. This table presents more detailed currency data of major market participants, based on monthly reports. This table provides information on positions in derivative instruments, such as foreign exchange futures and options that are increasingly used in establishing foreign exchange positions. Monthly reports must be filed throughout the calendar year by major foreign exchange market participants, which are defined as market participants with more than $50 billion equivalent in foreign exchange contracts on the last business day of any calendar quarter during the previous year (end March, September, September, or December). Such contracts include the amounts of foreign exchange spotcontracts bought and sold, foreign exchange forward contracts bought and sold, foreign exchange futures bought and sold, and one half the notional amount of foreign exchange options bought and sold. The information in the table is based on the reports referenced in this Introduction: Foreign Currency Positions and is not audited by the Federal Reserve banks or the Treasury Department. Please note that these amounts are reported in the foreign currency specified.",Each row represents the positions in derivative instruments amounts and the exchange rate for the associated foreign currency and monthly report date.,fcp-2-monthly-report-of-major-market-participants,record_date,2021-03-01,Quarterly
treasury-bulletin,v1/accounting/tb/fcp3_quarterly_report_large_market_participants,FCP-3 - Quarterly Report of Large Market Participants,"The Foreign Currency Positions Quarterly Report of Large Market Participants contains foreign currency holdings of large foreign exchange market participants. This table presents quarterly consolidated currency data reported by large market participants that do not file weekly reports. This table provides information on positions in derivative instruments, such as foreign exchange futures and options that are increasingly used in establishing foreign exchange positions. A quarterly report must be filed throughout the calendar year by each foreign exchange market participant that had more than $5 billion equivalent in foreign exchange contracts on the last business day of any quarter the previous year (end March, June, September, or December). The information in the table is based on the reports referenced in this Introduction: Foreign Currency Positions and is not audited by the Federal Reserve banks or the Treasury Department. Please note that these amounts are reported in the foreign currency specified.",Each row represents the positions in derivative instruments amounts and the exchange rate for the associated foreign currency and quarterly report date.,fcp-3-quarterly-report-of-large-market-participants,record_date,2021-03-01,Quarterly
treasury-bulletin,v1/accounting/tb/esf1_balances,ESF-1 - Balances,"The Exchange Stabilization Fund Balances (ESF-1) table presents the assets, liabilities, and net position of the fund. The figures are in U.S. dollars. Amounts and transactions pertaining to foreign currencies and special drawing rights, an international reserve asset created by the International Monetary Fund (IMF) to supplement its member countries position in the Fund, have been converted to U.S. dollars based on current exchange rates computed according to the accrual method of accounting. Investments and loans receivable are reported at fair value. Unexpended Appropriations Funds from Dedicated Collections represents the original capital appropriated to the fund by Congress of $2 billion, minus a subsequent transfer of $1.8 billion to pay for the initial U.S. quota subscription to the International Monetary Fund. Unexpended Appropriations Funds from Other than Dedicated Collections represents the amount appropriated under the CARES Act Sec 4027 minus transfers, expenditures for administrative and subsidy costs, and rescissions resulting from the passage of the Consolidated Appropriations Act, 2021 and the Infrastructure Investment and Jobs Act, 2021. Conversion gains and losses are reflected in the cumulative net income -+ or loss -- account.","Each row represents the asset, liability, or net position activity and balance amount for each line item classification.",esf-1-balances,record_date,2021-03-01,Quarterly
treasury-bulletin,v1/accounting/tb/esf2_statement_net_cost,ESF-2 - Statement of Net Cost,"The Exchange Stabilization Fund Statement of Net Cost (ESF-2) table  shows net cost from operations for the current quarter and year-to-date. Figures are in U.S. dollars computed according to the accrual method. Gains-+ or loss -- on foreign exchange includes both realized and unrealized gains or losses. Adjustment for change in valuation of SDR holdings and allocations reflects net gain or loss on revaluation of SDR holdings and allocations for the quarter. CARES Act related administrative costs incurred in connection with the loans, and other investments are accrued.",Each row represents the cost or revenue current quarter and fiscal year to date amounts for each line item classification.,esf-2-statement-of-net-cost,record_date,2021-03-01,Quarterly
treasury-bulletin,v1/accounting/tb/ffo5_internal_revenue_by_state,FFO-5 - Internal Revenue Receipts by State,"The Internal Revenue Receipts by State table summarizes internal revenue receipts by states and by type of tax. Amounts reported are collections made in a fiscal year. They span several tax liability years because they consist of prepayments (estimated tax payments and taxes withheld by employers for individual income and Social Security taxes), payments made with tax returns and subsequent payments made after tax returns are due or are filed (that is, payments with delinquent returns or on delinquent accounts). Amounts are reported based on the primary filing address provided by each taxpayer or reporting entity. For multistate corporations, the address may reflect only the district where such a corporation reported its taxes from a principal office rather than other districts where income was earned or where individual income and Social Security taxes were withheld. In addition, an individual may reside in one district and work in another. ",Each row represents internal revenue receipts by state within each tax category.,ffo-5-internal-revenue-receipts-by-state,record_date,2021-12-01,Annually
treasury-bulletin,v1/accounting/tb/ffo6_customs_border_protection_collections,"FFO-6 - Customs and Border Protection Collection of Duties, Taxes, and Fees by Districts and Ports","The Customs and Border Protection Collection of Duties, Taxes, and Fees by Districts and Ports table includes customs collection of duties, taxes, and fees by districts and ports. Reported by U.S. Customs and Border Protection.","Each row represents the customs collection of duties, taxes, and fees categorized by districts and ports.",ffo-6-customs-and-border-protection-collection-of-duties-taxes-and-fees-by-districts-and-ports,record_date,2021-12-01,Annually
